{"cameraMode":{"drawMode":0,"name":"Shaded","section":"Shading Mode"},"sceneLighting":false,"audioPlay":false,"sceneViewState":{"m_AlwaysRefresh":false,"showFog":true,"showSkybox":false,"showFlares":true,"showImageEffects":true,"showParticleSystems":true,"showVisualEffectGraphs":true,"m_FxEnabled":true},"in2DMode":false,"pivot":{"x":-0.047421421855688098,"y":1.7826920747756959,"z":-0.5743809342384338},"rotation":{"x":0.3214944303035736,"y":-0.0025473760906606914,"z":0.0008625673362985253,"w":0.9469051957130432},"size":0.8698732256889343,"orthographic":false}