{"cameraMode":{"drawMode":0,"name":"Shaded","section":"Shading Mode"},"sceneLighting":false,"audioPlay":false,"sceneViewState":{"m_AlwaysRefresh":false,"showFog":true,"showSkybox":false,"showFlares":true,"showImageEffects":true,"showParticleSystems":true,"showVisualEffectGraphs":true,"m_FxEnabled":true},"in2DMode":false,"pivot":{"x":-1.792151689529419,"y":1.8142362833023072,"z":-0.09494495391845703},"rotation":{"x":-0.05535535886883736,"y":0.9221750497817993,"z":-0.14391295611858369,"w":-0.35470932722091677},"size":4.596078872680664,"orthographic":false}