{"cameraMode":{"drawMode":0,"name":"Shaded","section":"Shading Mode"},"sceneLighting":false,"audioPlay":false,"sceneViewState":{"m_AlwaysRefresh":false,"showFog":true,"showSkybox":false,"showFlares":true,"showImageEffects":true,"showParticleSystems":true,"showVisualEffectGraphs":true,"m_FxEnabled":true},"in2DMode":false,"pivot":{"x":362.9537353515625,"y":181.093994140625,"z":0.05012744665145874},"rotation":{"x":0.19111238420009614,"y":-0.011473944410681725,"z":0.002232028404250741,"w":0.9814999103546143},"size":2.2253036499023439,"orthographic":false}