{"cameraMode":{"drawMode":0,"name":"Shaded","section":"Shading Mode"},"sceneLighting":true,"audioPlay":false,"sceneViewState":{"m_AlwaysRefresh":false,"showFog":true,"showSkybox":true,"showFlares":true,"showImageEffects":true,"showParticleSystems":true,"showVisualEffectGraphs":true,"m_FxEnabled":true},"in2DMode":false,"pivot":{"x":0.19723714888095857,"y":1.1209392547607422,"z":-0.6597812175750732},"rotation":{"x":0.004346905276179314,"y":-0.9388575553894043,"z":0.34410035610198977,"w":0.011832625605165959},"size":2.383446216583252,"orthographic":false}